Meringue,Fraisier, ,Fraisier,Fraisier,Fraisier,Meringue
Madeleine,Meringue, ,Meringue,Madeleine,Meringue,Madeleine
Madeleine,Compote, ,Compote,Madeleine,Compote,Compote
Litchi,Crème dessert à la vanille, ,Litchi,Litchi,Crème dessert à la vanille,Crème dessert à la vanille
Cookie,Liégeois, ,Cookie,Liégeois,Liégeois,Liégeois
Sorbet,Tarte aux Fruits, ,Sorbet,Sorbet,Tarte aux Fruits,Sorbet
Meringue,Ile flottante, ,Meringue,Ile flottante,Ile flottante,Meringue
Cookie,Banane, ,Banane,Banane,Banane,Banane
Crème dessert à la vanille,Litchi, ,Litchi,Litchi,Litchi,Crème dessert à la vanille
Compote,Crème dessert à la vanille, ,Crème dessert à la vanille,Crème dessert à la vanille,Compote,Crème dessert à la vanille
Liégeois,Riz au lait, ,Liégeois,Riz au lait,Liégeois,Riz au lait
Cookie,Compote, ,Cookie,Compote,Cookie,Cookie
Tarte aux Fruits,Ile flottante, ,Ile flottante,Ile flottante,Ile flottante,Ile flottante
Charlotte aux Fruits,Meringue, ,Charlotte aux Fruits,Charlotte aux Fruits,Charlotte aux Fruits,Charlotte aux Fruits
Charlotte aux Fruits,Tarte aux Fruits, ,Tarte aux Fruits,Tarte aux Fruits,Charlotte aux Fruits,Tarte aux Fruits
Meringue,Charlotte aux Fruits, ,Meringue,Meringue,Meringue,Meringue
Cookie,Banane, ,Banane,Cookie,Cookie,Cookie
Tarte aux Fruits,Compote, ,Compote,Compote,Compote,Tarte aux Fruits
Madeleine,Fraisier, ,Madeleine,Fraisier,Fraisier,Madeleine
Banane,Ile flottante, ,Ile flottante,Ile flottante,Ile flottante,Ile flottante
Tarte aux Fruits,Compote, ,Tarte aux Fruits,Tarte aux Fruits,Tarte aux Fruits,Tarte aux Fruits
Madeleine,Liégeois, ,Liégeois,Liégeois,Liégeois,Liégeois
Meringue,Riz au lait, ,Meringue,Meringue,Meringue,Meringue
Madeleine,Sorbet, ,Madeleine,Madeleine,Sorbet,Madeleine
Litchi,Ile flottante, ,Litchi,Litchi,Litchi,Litchi
Madeleine,Tarte aux Fruits, ,Madeleine,Madeleine,Tarte aux Fruits,Tarte aux Fruits
Compote,Litchi, ,Compote,Compote,Compote,Compote
Riz au lait,Banane, ,Banane,Banane,Riz au lait,Banane
Fraisier,Riz au lait, ,Riz au lait,Fraisier,Riz au lait,Fraisier
Charlotte aux Fruits,Ile flottante, ,Ile flottante,Charlotte aux Fruits,Charlotte aux Fruits,Ile flottante
Tarte aux Fruits,Cookie, ,Tarte aux Fruits,Tarte aux Fruits,Cookie,Cookie
Charlotte aux Fruits,Ile flottante, ,Charlotte aux Fruits,Ile flottante,Ile flottante,Ile flottante
Sorbet,Compote, ,Sorbet,Sorbet,Sorbet,Sorbet
Crème dessert à la vanille,Compote, ,Crème dessert à la vanille,Compote,Compote,Crème dessert à la vanille
Sorbet,Banane, ,Banane,Banane,Banane,Banane
Cookie,Banane, ,Cookie,Banane,Cookie,Cookie
Sorbet,Banane, ,Banane,Banane,Banane,Sorbet
Riz au lait,Liégeois, ,Riz au lait,Riz au lait,Riz au lait,Liégeois
Meringue,Ile flottante, ,Ile flottante,Ile flottante,Ile flottante,Ile flottante
Madeleine,Compote, ,Madeleine,Compote,Madeleine,Compote
Tarte aux Fruits,Banane, ,Banane,Tarte aux Fruits,Tarte aux Fruits,Tarte aux Fruits
Charlotte aux Fruits,Madeleine, ,Charlotte aux Fruits,Charlotte aux Fruits,Charlotte aux Fruits,Charlotte aux Fruits
Tarte aux Fruits,Crème dessert à la vanille, ,Tarte aux Fruits,Tarte aux Fruits,Tarte aux Fruits,Tarte aux Fruits
Fraisier,Ile flottante, ,Ile flottante,Fraisier,Ile flottante,Ile flottante
Riz au lait,Ile flottante, ,Riz au lait,Riz au lait,Riz au lait,Riz au lait
Tarte aux Fruits,Liégeois, ,Tarte aux Fruits,Tarte aux Fruits,Liégeois,Liégeois
Tarte aux Fruits,Sorbet, ,Tarte aux Fruits,Sorbet,Tarte aux Fruits,Sorbet
Sorbet,Meringue, ,Meringue,Sorbet,Sorbet,Meringue
Tarte aux Fruits,Meringue, ,Tarte aux Fruits,Tarte aux Fruits,Tarte aux Fruits,Tarte aux Fruits
Madeleine,Cookie, ,Madeleine,Cookie,Cookie,Cookie
Charlotte aux Fruits,Riz au lait, ,Charlotte aux Fruits,Charlotte aux Fruits,Charlotte aux Fruits,Charlotte aux Fruits
Tarte aux Fruits,Liégeois, ,Tarte aux Fruits,Tarte aux Fruits,Tarte aux Fruits,Liégeois
Compote,Ile flottante, ,Compote,Compote,Compote,Compote
Tarte aux Fruits,Litchi, ,Tarte aux Fruits,Tarte aux Fruits,Tarte aux Fruits,Litchi
Fraisier,Liégeois, ,Fraisier,Fraisier,Fraisier,Fraisier
Sorbet,Madeleine, ,Sorbet,Sorbet,Sorbet,Madeleine
Charlotte aux Fruits,Crème dessert à la vanille, ,Charlotte aux Fruits,Crème dessert à la vanille,Charlotte aux Fruits,Crème dessert à la vanille
Cookie,Banane, ,Banane,Banane,Banane,Banane
Cookie,Ile flottante, ,Ile flottante,Ile flottante,Ile flottante,Ile flottante
Sorbet,Ile flottante, ,Sorbet,Sorbet,Sorbet,Sorbet
Cookie,Liégeois, ,Liégeois,Cookie,Cookie,Cookie
Cookie,Crème dessert à la vanille, ,Crème dessert à la vanille,Crème dessert à la vanille,Cookie,Crème dessert à la vanille
Ile flottante,Litchi, ,Ile flottante,Litchi,Litchi,Litchi
Madeleine,Riz au lait, ,Riz au lait,Riz au lait,Riz au lait,Riz au lait
Sorbet,Charlotte aux Fruits, ,Sorbet,Charlotte aux Fruits,Charlotte aux Fruits,Sorbet
Banane,Crème dessert à la vanille, ,Banane,Crème dessert à la vanille,Banane,Crème dessert à la vanille
Litchi,Compote, ,Litchi,Litchi,Litchi,Compote
Cookie,Madeleine, ,Cookie,Cookie,Cookie,Cookie
Fraisier,Ile flottante, ,Fraisier,Fraisier,Fraisier,Fraisier
Charlotte aux Fruits,Ile flottante, ,Ile flottante,Charlotte aux Fruits,Ile flottante,Charlotte aux Fruits
Crème dessert à la vanille,Liégeois, ,Liégeois,Crème dessert à la vanille,Liégeois,Crème dessert à la vanille
Banane,Riz au lait, ,Riz au lait,Riz au lait,Riz au lait,Riz au lait
Liégeois,Banane, ,Liégeois,Liégeois,Banane,Liégeois
Madeleine,Ile flottante, ,Madeleine,Madeleine,Madeleine,Madeleine
Meringue,Sorbet, ,Meringue,Meringue,Meringue,Meringue
Sorbet,Liégeois, ,Liégeois,Sorbet,Liégeois,Sorbet
Ile flottante,Liégeois, ,Liégeois,Liégeois,Liégeois,Liégeois
Sorbet,Ile flottante, ,Ile flottante,Ile flottante,Ile flottante,Ile flottante
Litchi,Liégeois, ,Litchi,Litchi,Liégeois,Liégeois
Charlotte aux Fruits,Fraisier, ,Charlotte aux Fruits,Charlotte aux Fruits,Charlotte aux Fruits,Charlotte aux Fruits
Crème dessert à la vanille,Ile flottante, ,Crème dessert à la vanille,Crème dessert à la vanille,Ile flottante,Ile flottante
Fraisier,Sorbet, ,Fraisier,Sorbet,Fraisier,Fraisier
