Quatre-Quart,Riz au lait, ,Quatre-Quart,Quatre-Quart,Quatre-Quart,Quatre-Quart
Quatre-Quart,Yaourt nature, ,Yaourt nature,Yaourt nature,Yaourt nature,Yaourt nature
Tiramisu,Crème Caramel, ,Crème Caramel,Tiramisu,Tiramisu,Tiramisu
Brownie,Opéra, ,Opéra,Opéra,Opéra,Opéra
Quatre-Quart,Tiramisu, ,Tiramisu,Quatre-Quart,Tiramisu,Tiramisu
Crème Caramel,Kiwi, ,Crème Caramel,Crème Caramel,Crème Caramel,Kiwi
Liégeois,Kiwi, ,Kiwi,Liégeois,Liégeois,Liégeois
Meringue,Salade de Fruits, ,Salade de Fruits,Meringue,Salade de Fruits,Salade de Fruits
Quatre-Quart,Riz au lait, ,Quatre-Quart,Riz au lait,Quatre-Quart,Riz au lait
Cake aux Fruits,Riz au lait, ,Riz au lait,Cake aux Fruits,Cake aux Fruits,Riz au lait
Liégeois,Clémentine, ,Clémentine,Clémentine,Clémentine,Liégeois
Opéra,Brownie, ,Brownie,Brownie,Opéra,Brownie
Tiramisu,Clémentine, ,Clémentine,Tiramisu,Tiramisu,Clémentine
Quatre-Quart,Opéra, ,Quatre-Quart,Quatre-Quart,Quatre-Quart,Quatre-Quart
Kiwi,Salade de Fruits, ,Kiwi,Kiwi,Kiwi,Kiwi
Liégeois,Riz au lait, ,Liégeois,Riz au lait,Riz au lait,Liégeois
Opéra,Kiwi, ,Opéra,Kiwi,Opéra,Opéra
Quatre-Quart,Cheesecake, ,Quatre-Quart,Quatre-Quart,Quatre-Quart,Quatre-Quart
Brownie,Crème Caramel, ,Crème Caramel,Crème Caramel,Crème Caramel,Crème Caramel
Kiwi,Crème Caramel, ,Kiwi,Kiwi,Kiwi,Kiwi
Brownie,Crème Caramel, ,Crème Caramel,Crème Caramel,Crème Caramel,Crème Caramel
Cake aux Fruits,Brownie, ,Brownie,Brownie,Brownie,Brownie
Tiramisu,Cheesecake, ,Cheesecake,Cheesecake,Tiramisu,Tiramisu
Tiramisu,Kiwi, ,Kiwi,Kiwi,Tiramisu,Kiwi
Tiramisu,Clémentine, ,Clémentine,Clémentine,Tiramisu,Tiramisu
Cake aux Fruits,Liégeois, ,Cake aux Fruits,Cake aux Fruits,Cake aux Fruits,Cake aux Fruits
Riz au lait,Kiwi, ,Kiwi,Kiwi,Kiwi,Kiwi
Brownie,Quatre-Quart, ,Quatre-Quart,Quatre-Quart,Quatre-Quart,Quatre-Quart
Quatre-Quart,Salade de Fruits, ,Salade de Fruits,Salade de Fruits,Salade de Fruits,Salade de Fruits
Brownie,Crème Caramel, ,Brownie,Crème Caramel,Crème Caramel,Crème Caramel
Meringue,Salade de Fruits, ,Meringue,Meringue,Meringue,Meringue
Riz au lait,Salade de Fruits, ,Riz au lait,Salade de Fruits,Riz au lait,Riz au lait
Quatre-Quart,Riz au lait, ,Riz au lait,Riz au lait,Riz au lait,Riz au lait
Riz au lait,Clémentine, ,Clémentine,Riz au lait,Riz au lait,Clémentine
Quatre-Quart,Brownie, ,Brownie,Brownie,Brownie,Quatre-Quart
Cake aux Fruits,Yaourt nature, ,Yaourt nature,Yaourt nature,Yaourt nature,Yaourt nature
Brownie,Riz au lait, ,Brownie,Brownie,Brownie,Brownie
Meringue,Crème Caramel, ,Meringue,Crème Caramel,Crème Caramel,Meringue
Riz au lait,Yaourt nature, ,Yaourt nature,Riz au lait,Yaourt nature,Yaourt nature
Quatre-Quart,Crème Caramel, ,Crème Caramel,Quatre-Quart,Crème Caramel,Crème Caramel
Tiramisu,Yaourt nature, ,Tiramisu,Yaourt nature,Yaourt nature,Tiramisu
Opéra,Salade de Fruits, ,Opéra,Salade de Fruits,Salade de Fruits,Salade de Fruits
Cake aux Fruits,Riz au lait, ,Cake aux Fruits,Cake aux Fruits,Cake aux Fruits,Cake aux Fruits
Meringue,Brownie, ,Brownie,Brownie,Meringue,Brownie
Quatre-Quart,Riz au lait, ,Quatre-Quart,Riz au lait,Quatre-Quart,Quatre-Quart
Quatre-Quart,Yaourt nature, ,Yaourt nature,Yaourt nature,Yaourt nature,Yaourt nature
Crème Caramel,Liégeois, ,Liégeois,Crème Caramel,Liégeois,Crème Caramel
Brownie,Salade de Fruits, ,Brownie,Brownie,Brownie,Brownie
Yaourt nature,Clémentine, ,Yaourt nature,Yaourt nature,Yaourt nature,Yaourt nature
Clémentine,Riz au lait, ,Clémentine,Clémentine,Clémentine,Clémentine
Cake aux Fruits,Cheesecake, ,Cheesecake,Cheesecake,Cake aux Fruits,Cheesecake
Cake aux Fruits,Liégeois, ,Liégeois,Cake aux Fruits,Liégeois,Liégeois
Opéra,Tiramisu, ,Opéra,Tiramisu,Opéra,Opéra
Cheesecake,Salade de Fruits, ,Cheesecake,Cheesecake,Salade de Fruits,Cheesecake
Quatre-Quart,Clémentine, ,Quatre-Quart,Quatre-Quart,Quatre-Quart,Quatre-Quart
Opéra,Cheesecake, ,Cheesecake,Cheesecake,Opéra,Opéra
Meringue,Cake aux Fruits, ,Meringue,Cake aux Fruits,Meringue,Cake aux Fruits
Brownie,Cheesecake, ,Brownie,Brownie,Brownie,Brownie
Brownie,Salade de Fruits, ,Brownie,Brownie,Brownie,Brownie
Salade de Fruits,Liégeois, ,Salade de Fruits,Salade de Fruits,Liégeois,Liégeois
Opéra,Riz au lait, ,Opéra,Opéra,Opéra,Riz au lait
Brownie,Yaourt nature, ,Yaourt nature,Brownie,Yaourt nature,Yaourt nature
Meringue,Clémentine, ,Clémentine,Meringue,Clémentine,Meringue
Salade de Fruits,Crème Caramel, ,Salade de Fruits,Crème Caramel,Salade de Fruits,Crème Caramel
Cheesecake,Brownie, ,Brownie,Cheesecake,Brownie,Cheesecake
Salade de Fruits,Clémentine, ,Clémentine,Salade de Fruits,Salade de Fruits,Clémentine
Cheesecake,Cake aux Fruits, ,Cake aux Fruits,Cheesecake,Cake aux Fruits,Cheesecake
Kiwi,Yaourt nature, ,Kiwi,Kiwi,Kiwi,Kiwi
Tiramisu,Meringue, ,Meringue,Tiramisu,Tiramisu,Meringue
Riz au lait,Crème Caramel, ,Crème Caramel,Riz au lait,Crème Caramel,Riz au lait
Clémentine,Salade de Fruits, ,Clémentine,Clémentine,Clémentine,Clémentine
Cheesecake,Salade de Fruits, ,Cheesecake,Cheesecake,Cheesecake,Cheesecake
Brownie,Clémentine, ,Clémentine,Clémentine,Brownie,Brownie
Yaourt nature,Crème Caramel, ,Yaourt nature,Crème Caramel,Crème Caramel,Crème Caramel
Quatre-Quart,Cake aux Fruits, ,Quatre-Quart,Quatre-Quart,Cake aux Fruits,Cake aux Fruits
Quatre-Quart,Meringue, ,Quatre-Quart,Meringue,Meringue,Meringue
Cake aux Fruits,Opéra, ,Opéra,Opéra,Opéra,Opéra
Quatre-Quart,Riz au lait, ,Riz au lait,Riz au lait,Riz au lait,Riz au lait
Salade de Fruits,Kiwi, ,Kiwi,Salade de Fruits,Salade de Fruits,Salade de Fruits
Opéra,Clémentine, ,Opéra,Opéra,Clémentine,Opéra
Opéra,Yaourt nature, ,Opéra,Yaourt nature,Opéra,Opéra
Opéra,Clémentine, ,Clémentine,Clémentine,Clémentine,Clémentine
