Crêpe à la confiture,Crème Caramel, ,Crêpe à la confiture,Crêpe à la confiture,Crème Caramel,Crème Caramel
Madeleine,Kiwi, ,Kiwi,Kiwi,Kiwi,Kiwi
Tarte aux Fruits,Cookie, ,Tarte aux Fruits,Cookie,Cookie,Tarte aux Fruits
Meringue,Kiwi, ,Kiwi,Meringue,Kiwi,Kiwi
Flan aux œufs,Kiwi, ,Kiwi,Kiwi,Kiwi,Kiwi
Madeleine,Crème dessert à la vanille, ,Madeleine,Crème dessert à la vanille,Crème dessert à la vanille,Madeleine
Madeleine,Crème Caramel, ,Madeleine,Madeleine,Madeleine,Madeleine
Madeleine,Compote, ,Compote,Compote,Compote,Compote
Crêpe à la confiture,Crème dessert à la vanille, ,Crêpe à la confiture,Crêpe à la confiture,Crème dessert à la vanille,Crème dessert à la vanille
Flan aux œufs,Crème dessert à la vanille, ,Flan aux œufs,Crème dessert à la vanille,Flan aux œufs,Flan aux œufs
Madeleine,Cookie, ,Madeleine,Madeleine,Madeleine,Cookie
Crêpe à la confiture,Ile flottante, ,Ile flottante,Ile flottante,Ile flottante,Ile flottante
Meringue,Compote, ,Meringue,Meringue,Meringue,Meringue
Cookie,Crème dessert à la vanille, ,Cookie,Crème dessert à la vanille,Cookie,Cookie
Cake aux Fruits,Meringue, ,Meringue,Meringue,Cake aux Fruits,Meringue
Crème dessert à la vanille,Flan aux œufs, ,Flan aux œufs,Flan aux œufs,Flan aux œufs,Flan aux œufs
Madeleine,Compote, ,Madeleine,Madeleine,Madeleine,Madeleine
Crêpe à la confiture,Madeleine, ,Crêpe à la confiture,Crêpe à la confiture,Crêpe à la confiture,Crêpe à la confiture
Cookie,Cake aux Fruits, ,Cake aux Fruits,Cookie,Cookie,Cookie
Ile flottante,Milk-Shake, ,Ile flottante,Ile flottante,Milk-Shake,Milk-Shake
Tarte aux Fruits,Ile flottante, ,Tarte aux Fruits,Ile flottante,Tarte aux Fruits,Tarte aux Fruits
Meringue,Kiwi, ,Kiwi,Kiwi,Kiwi,Kiwi
Tarte aux Fruits,Tiramisu, ,Tarte aux Fruits,Tiramisu,Tarte aux Fruits,Tiramisu
Crêpe à la confiture,Ile flottante, ,Crêpe à la confiture,Crêpe à la confiture,Crêpe à la confiture,Crêpe à la confiture
Kiwi,Milk-Shake, ,Milk-Shake,Kiwi,Milk-Shake,Kiwi
Cookie,Meringue, ,Cookie,Cookie,Meringue,Meringue
Tarte aux Fruits,Madeleine, ,Madeleine,Madeleine,Madeleine,Tarte aux Fruits
Milk-Shake,Flan aux œufs, ,Milk-Shake,Milk-Shake,Milk-Shake,Milk-Shake
Crème Caramel,Ile flottante, ,Ile flottante,Ile flottante,Ile flottante,Ile flottante
Crêpe à la confiture,Crème Caramel, ,Crème Caramel,Crème Caramel,Crème Caramel,Crème Caramel
Crêpe à la confiture,Meringue, ,Crêpe à la confiture,Meringue,Meringue,Crêpe à la confiture
Compote,Flan aux œufs, ,Compote,Compote,Compote,Flan aux œufs
Cake aux Fruits,Crème dessert à la vanille, ,Crème dessert à la vanille,Cake aux Fruits,Crème dessert à la vanille,Crème dessert à la vanille
Cake aux Fruits,Compote, ,Cake aux Fruits,Cake aux Fruits,Compote,Cake aux Fruits
Madeleine,Crème Caramel, ,Crème Caramel,Madeleine,Crème Caramel,Madeleine
Cookie,Madeleine, ,Madeleine,Cookie,Madeleine,Cookie
Tiramisu,Compote, ,Compote,Tiramisu,Compote,Compote
Cake aux Fruits,Cookie, ,Cake aux Fruits,Cake aux Fruits,Cake aux Fruits,Cake aux Fruits
Madeleine,Ile flottante, ,Ile flottante,Ile flottante,Ile flottante,Ile flottante
Crêpe à la confiture,Cookie, ,Crêpe à la confiture,Cookie,Crêpe à la confiture,Crêpe à la confiture
Cake aux Fruits,Kiwi, ,Kiwi,Kiwi,Cake aux Fruits,Kiwi
Tiramisu,Milk-Shake, ,Milk-Shake,Milk-Shake,Tiramisu,Tiramisu
Cookie,Crème Caramel, ,Cookie,Crème Caramel,Cookie,Cookie
Madeleine,Flan aux œufs, ,Flan aux œufs,Flan aux œufs,Flan aux œufs,Flan aux œufs
Crème Caramel,Kiwi, ,Kiwi,Kiwi,Kiwi,Crème Caramel
Compote,Ile flottante, ,Compote,Ile flottante,Ile flottante,Ile flottante
Madeleine,Compote, ,Madeleine,Compote,Compote,Compote
Crêpe à la confiture,Crème Caramel, ,Crème Caramel,Crème Caramel,Crème Caramel,Crème Caramel
Tarte aux Fruits,Meringue, ,Tarte aux Fruits,Tarte aux Fruits,Tarte aux Fruits,Tarte aux Fruits
Milk-Shake,Compote, ,Compote,Milk-Shake,Compote,Milk-Shake
Meringue,Milk-Shake, ,Meringue,Meringue,Milk-Shake,Milk-Shake
Meringue,Crème dessert à la vanille, ,Meringue,Meringue,Meringue,Crème dessert à la vanille
Compote,Crème dessert à la vanille, ,Compote,Compote,Compote,Crème dessert à la vanille
Flan aux œufs,Ile flottante, ,Flan aux œufs,Flan aux œufs,Flan aux œufs,Flan aux œufs
Crêpe à la confiture,Compote, ,Crêpe à la confiture,Crêpe à la confiture,Crêpe à la confiture,Crêpe à la confiture
Meringue,Ile flottante, ,Ile flottante,Ile flottante,Ile flottante,Meringue
Meringue,Cookie, ,Cookie,Cookie,Cookie,Cookie
Tarte aux Fruits,Crème dessert à la vanille, ,Crème dessert à la vanille,Crème dessert à la vanille,Crème dessert à la vanille,Crème dessert à la vanille
Crêpe à la confiture,Tiramisu, ,Crêpe à la confiture,Crêpe à la confiture,Crêpe à la confiture,Crêpe à la confiture
Cake aux Fruits,Milk-Shake, ,Cake aux Fruits,Cake aux Fruits,Cake aux Fruits,Cake aux Fruits
Crème Caramel,Flan aux œufs, ,Flan aux œufs,Flan aux œufs,Flan aux œufs,Flan aux œufs
Madeleine,Cake aux Fruits, ,Madeleine,Cake aux Fruits,Madeleine,Madeleine
Cookie,Milk-Shake, ,Cookie,Cookie,Cookie,Cookie
Madeleine,Ile flottante, ,Ile flottante,Ile flottante,Madeleine,Ile flottante
Cake aux Fruits,Ile flottante, ,Cake aux Fruits,Ile flottante,Cake aux Fruits,Cake aux Fruits
Compote,Crème Caramel, ,Compote,Compote,Compote,Crème Caramel
Meringue,Tiramisu, ,Tiramisu,Tiramisu,Tiramisu,Tiramisu
Tiramisu,Kiwi, ,Tiramisu,Tiramisu,Kiwi,Tiramisu
Cake aux Fruits,Tarte aux Fruits, ,Cake aux Fruits,Cake aux Fruits,Tarte aux Fruits,Tarte aux Fruits
Crème dessert à la vanille,Crème Caramel, ,Crème Caramel,Crème Caramel,Crème Caramel,Crème Caramel
Cake aux Fruits,Tiramisu, ,Tiramisu,Tiramisu,Tiramisu,Tiramisu
Madeleine,Kiwi, ,Kiwi,Kiwi,Madeleine,Madeleine
Compote,Milk-Shake, ,Compote,Compote,Milk-Shake,Milk-Shake
Meringue,Crêpe à la confiture, ,Meringue,Crêpe à la confiture,Meringue,Crêpe à la confiture
Meringue,Cake aux Fruits, ,Cake aux Fruits,Cake aux Fruits,Cake aux Fruits,Meringue
Flan aux œufs,Milk-Shake, ,Milk-Shake,Flan aux œufs,Milk-Shake,Milk-Shake
Ile flottante,Crème dessert à la vanille, ,Ile flottante,Crème dessert à la vanille,Crème dessert à la vanille,Ile flottante
Madeleine,Ile flottante, ,Madeleine,Ile flottante,Ile flottante,Madeleine
Cake aux Fruits,Crème dessert à la vanille, ,Cake aux Fruits,Cake aux Fruits,Cake aux Fruits,Cake aux Fruits
Milk-Shake,Kiwi, ,Kiwi,Kiwi,Milk-Shake,Milk-Shake
Crème Caramel,Crème dessert à la vanille, ,Crème Caramel,Crème dessert à la vanille,Crème dessert à la vanille,Crème Caramel
Crêpe à la confiture,Ile flottante, ,Crêpe à la confiture,Crêpe à la confiture,Crêpe à la confiture,Crêpe à la confiture
