Charlotte aux Fruits,Tarte au citron meringuée, ,Tarte au citron meringuée,Charlotte aux Fruits,Charlotte aux Fruits,Tarte au citron meringuée
Ile flottante,Salade de Fruits, ,Salade de Fruits,Salade de Fruits,Salade de Fruits,Salade de Fruits
Chou à la crème,Yaourt nature, ,Yaourt nature,Yaourt nature,Yaourt nature,Yaourt nature
Crêpe à la confiture,Salade de Fruits, ,Salade de Fruits,Crêpe à la confiture,Salade de Fruits,Salade de Fruits
Yaourt nature,Salade de Fruits, ,Yaourt nature,Salade de Fruits,Yaourt nature,Salade de Fruits
Tarte au chocolat,Pomme, ,Pomme,Pomme,Pomme,Pomme
Sablé à la noix de coco,Yaourt sucré, ,Sablé à la noix de coco,Sablé à la noix de coco,Sablé à la noix de coco,Sablé à la noix de coco
Sablé à la noix de coco,Yaourt sucré, ,Sablé à la noix de coco,Yaourt sucré,Yaourt sucré,Yaourt sucré
Flan aux œufs,Pomme, ,Flan aux œufs,Flan aux œufs,Flan aux œufs,Flan aux œufs
Yaourt nature,Flan aux œufs, ,Yaourt nature,Yaourt nature,Flan aux œufs,Yaourt nature
Sablé à la noix de coco,Orange, ,Sablé à la noix de coco,Sablé à la noix de coco,Sablé à la noix de coco,Sablé à la noix de coco
Salade de Fruits,Pomme, ,Salade de Fruits,Salade de Fruits,Salade de Fruits,Salade de Fruits
Meringue,Yaourt nature, ,Meringue,Meringue,Meringue,Meringue
Meringue,Yaourt sucré, ,Meringue,Yaourt sucré,Meringue,Meringue
Crêpe à la confiture,Charlotte aux Fruits, ,Charlotte aux Fruits,Charlotte aux Fruits,Charlotte aux Fruits,Charlotte aux Fruits
Chou à la crème,Charlotte aux Fruits, ,Charlotte aux Fruits,Chou à la crème,Charlotte aux Fruits,Charlotte aux Fruits
Tarte au chocolat,Crêpe à la confiture, ,Tarte au chocolat,Tarte au chocolat,Tarte au chocolat,Crêpe à la confiture
Charlotte aux Fruits,Yaourt sucré, ,Yaourt sucré,Yaourt sucré,Yaourt sucré,Yaourt sucré
Tarte au citron meringuée,Salade de Fruits, ,Tarte au citron meringuée,Salade de Fruits,Tarte au citron meringuée,Salade de Fruits
Sablé à la noix de coco,Pomme, ,Pomme,Pomme,Pomme,Pomme
Yaourt nature,Yaourt sucré, ,Yaourt nature,Yaourt sucré,Yaourt sucré,Yaourt nature
Meringue,Orange, ,Meringue,Orange,Orange,Meringue
Chou à la crème,Ile flottante, ,Chou à la crème,Chou à la crème,Chou à la crème,Chou à la crème
Yaourt sucré,Pomme, ,Yaourt sucré,Yaourt sucré,Yaourt sucré,Yaourt sucré
Salade de Fruits,Ile flottante, ,Salade de Fruits,Salade de Fruits,Salade de Fruits,Salade de Fruits
Sablé à la noix de coco,Ile flottante, ,Ile flottante,Sablé à la noix de coco,Sablé à la noix de coco,Sablé à la noix de coco
Sablé à la noix de coco,Meringue, ,Sablé à la noix de coco,Meringue,Meringue,Meringue
Charlotte aux Fruits,Sablé à la noix de coco, ,Charlotte aux Fruits,Sablé à la noix de coco,Sablé à la noix de coco,Charlotte aux Fruits
Salade de Fruits,Orange, ,Orange,Orange,Salade de Fruits,Salade de Fruits
Orange,Yaourt sucré, ,Orange,Yaourt sucré,Yaourt sucré,Orange
Crêpe à la confiture,Yaourt sucré, ,Crêpe à la confiture,Yaourt sucré,Crêpe à la confiture,Yaourt sucré
Chou à la crème,Tarte au chocolat, ,Tarte au chocolat,Tarte au chocolat,Tarte au chocolat,Tarte au chocolat
Crêpe à la confiture,Tarte au chocolat, ,Crêpe à la confiture,Tarte au chocolat,Crêpe à la confiture,Tarte au chocolat
Meringue,Pomme, ,Pomme,Pomme,Meringue,Pomme
Charlotte aux Fruits,Pomme, ,Pomme,Pomme,Pomme,Charlotte aux Fruits
Tarte au chocolat,Salade de Fruits, ,Salade de Fruits,Salade de Fruits,Salade de Fruits,Salade de Fruits
Crêpe à la confiture,Orange, ,Crêpe à la confiture,Crêpe à la confiture,Orange,Crêpe à la confiture
Ile flottante,Flan aux œufs, ,Ile flottante,Flan aux œufs,Ile flottante,Flan aux œufs
Meringue,Yaourt nature, ,Meringue,Meringue,Yaourt nature,Yaourt nature
Tarte au citron meringuée,Charlotte aux Fruits, ,Tarte au citron meringuée,Charlotte aux Fruits,Charlotte aux Fruits,Charlotte aux Fruits
Crêpe à la confiture,Pomme, ,Pomme,Pomme,Crêpe à la confiture,Pomme
Tarte au citron meringuée,Yaourt nature, ,Tarte au citron meringuée,Tarte au citron meringuée,Tarte au citron meringuée,Tarte au citron meringuée
Yaourt nature,Ile flottante, ,Ile flottante,Ile flottante,Yaourt nature,Ile flottante
Yaourt sucré,Flan aux œufs, ,Yaourt sucré,Flan aux œufs,Yaourt sucré,Flan aux œufs
Tarte au chocolat,Pomme, ,Tarte au chocolat,Tarte au chocolat,Tarte au chocolat,Tarte au chocolat
Tarte au chocolat,Salade de Fruits, ,Salade de Fruits,Salade de Fruits,Tarte au chocolat,Tarte au chocolat
Sablé à la noix de coco,Pomme, ,Pomme,Pomme,Pomme,Pomme
Salade de Fruits,Yaourt sucré, ,Salade de Fruits,Salade de Fruits,Salade de Fruits,Yaourt sucré
Ile flottante,Yaourt nature, ,Ile flottante,Ile flottante,Ile flottante,Ile flottante
Yaourt sucré,Salade de Fruits, ,Yaourt sucré,Yaourt sucré,Yaourt sucré,Yaourt sucré
Crêpe à la confiture,Ile flottante, ,Crêpe à la confiture,Crêpe à la confiture,Crêpe à la confiture,Ile flottante
Chou à la crème,Meringue, ,Meringue,Meringue,Meringue,Chou à la crème
Tarte au citron meringuée,Sablé à la noix de coco, ,Tarte au citron meringuée,Tarte au citron meringuée,Tarte au citron meringuée,Tarte au citron meringuée
Sablé à la noix de coco,Charlotte aux Fruits, ,Sablé à la noix de coco,Sablé à la noix de coco,Sablé à la noix de coco,Sablé à la noix de coco
Chou à la crème,Tarte au citron meringuée, ,Tarte au citron meringuée,Chou à la crème,Chou à la crème,Tarte au citron meringuée
Sablé à la noix de coco,Tarte au chocolat, ,Sablé à la noix de coco,Tarte au chocolat,Tarte au chocolat,Tarte au chocolat
Sablé à la noix de coco,Yaourt nature, ,Yaourt nature,Sablé à la noix de coco,Yaourt nature,Sablé à la noix de coco
Tarte au chocolat,Sablé à la noix de coco, ,Sablé à la noix de coco,Sablé à la noix de coco,Sablé à la noix de coco,Sablé à la noix de coco
Tarte au chocolat,Charlotte aux Fruits, ,Charlotte aux Fruits,Charlotte aux Fruits,Tarte au chocolat,Charlotte aux Fruits
Sablé à la noix de coco,Tarte au citron meringuée, ,Sablé à la noix de coco,Tarte au citron meringuée,Tarte au citron meringuée,Sablé à la noix de coco
Charlotte aux Fruits,Crêpe à la confiture, ,Crêpe à la confiture,Crêpe à la confiture,Crêpe à la confiture,Crêpe à la confiture
Tarte au citron meringuée,Meringue, ,Tarte au citron meringuée,Meringue,Meringue,Tarte au citron meringuée
Sablé à la noix de coco,Flan aux œufs, ,Sablé à la noix de coco,Flan aux œufs,Flan aux œufs,Sablé à la noix de coco
Yaourt sucré,Yaourt nature, ,Yaourt sucré,Yaourt sucré,Yaourt nature,Yaourt sucré
Yaourt nature,Pomme, ,Pomme,Yaourt nature,Yaourt nature,Yaourt nature
Flan aux œufs,Yaourt nature, ,Flan aux œufs,Flan aux œufs,Yaourt nature,Flan aux œufs
Sablé à la noix de coco,Flan aux œufs, ,Flan aux œufs,Flan aux œufs,Sablé à la noix de coco,Sablé à la noix de coco
Charlotte aux Fruits,Yaourt sucré, ,Yaourt sucré,Yaourt sucré,Charlotte aux Fruits,Yaourt sucré
Sablé à la noix de coco,Ile flottante, ,Sablé à la noix de coco,Sablé à la noix de coco,Sablé à la noix de coco,Sablé à la noix de coco
Crêpe à la confiture,Ile flottante, ,Crêpe à la confiture,Crêpe à la confiture,Crêpe à la confiture,Crêpe à la confiture
Chou à la crème,Flan aux œufs, ,Chou à la crème,Chou à la crème,Flan aux œufs,Chou à la crème
Tarte au citron meringuée,Crêpe à la confiture, ,Tarte au citron meringuée,Tarte au citron meringuée,Tarte au citron meringuée,Tarte au citron meringuée
Ile flottante,Orange, ,Ile flottante,Orange,Orange,Orange
Crêpe à la confiture,Ile flottante, ,Ile flottante,Ile flottante,Ile flottante,Ile flottante
Tarte au citron meringuée,Tarte au chocolat, ,Tarte au chocolat,Tarte au citron meringuée,Tarte au citron meringuée,Tarte au chocolat
Chou à la crème,Pomme, ,Pomme,Pomme,Pomme,Pomme
Tarte au chocolat,Yaourt nature, ,Tarte au chocolat,Yaourt nature,Yaourt nature,Yaourt nature
Tarte au chocolat,Ile flottante, ,Ile flottante,Tarte au chocolat,Tarte au chocolat,Tarte au chocolat
Chou à la crème,Flan aux œufs, ,Flan aux œufs,Flan aux œufs,Flan aux œufs,Flan aux œufs
Meringue,Salade de Fruits, ,Salade de Fruits,Meringue,Meringue,Meringue
Crêpe à la confiture,Yaourt sucré, ,Crêpe à la confiture,Crêpe à la confiture,Crêpe à la confiture,Crêpe à la confiture
Orange,Yaourt nature, ,Yaourt nature,Orange,Orange,Yaourt nature
