Tarte aux Fruits,Tarte poires amandes, ,Tarte aux Fruits,Tarte aux Fruits,Tarte aux Fruits,Tarte aux Fruits
Tarte poires amandes,Chou à la crème, ,Tarte poires amandes,Chou à la crème,Tarte poires amandes,Chou à la crème
Tarte poires amandes,Banane, ,Banane,Banane,Tarte poires amandes,Tarte poires amandes
Tarte aux Fruits,Brownie, ,Brownie,Brownie,Brownie,Brownie
Chou à la crème,Sablé à la noix de coco, ,Sablé à la noix de coco,Chou à la crème,Sablé à la noix de coco,Chou à la crème
Tarte aux Fruits,Riz au lait, ,Tarte aux Fruits,Tarte aux Fruits,Tarte aux Fruits,Tarte aux Fruits
Tarte poires amandes,Riz au lait, ,Tarte poires amandes,Tarte poires amandes,Riz au lait,Riz au lait
Brownie,Charlotte aux Fruits, ,Charlotte aux Fruits,Charlotte aux Fruits,Brownie,Charlotte aux Fruits
Clémentine,Milk-Shake, ,Clémentine,Clémentine,Clémentine,Milk-Shake
Sablé à la noix de coco,Clémentine, ,Sablé à la noix de coco,Sablé à la noix de coco,Sablé à la noix de coco,Sablé à la noix de coco
Pomme,Riz au lait, ,Pomme,Riz au lait,Pomme,Riz au lait
Pomme,Milk-Shake, ,Pomme,Pomme,Pomme,Pomme
Clémentine,Orange, ,Orange,Clémentine,Clémentine,Clémentine
Cheesecake,Riz au lait, ,Cheesecake,Riz au lait,Cheesecake,Riz au lait
Brownie,Clémentine, ,Clémentine,Clémentine,Clémentine,Clémentine
Sablé à la noix de coco,Riz au lait, ,Sablé à la noix de coco,Sablé à la noix de coco,Riz au lait,Sablé à la noix de coco
Salade de Fruits,Riz au lait, ,Salade de Fruits,Riz au lait,Riz au lait,Riz au lait
Riz au lait,Salade de Fruits, ,Salade de Fruits,Salade de Fruits,Salade de Fruits,Salade de Fruits
Clémentine,Banane, ,Banane,Banane,Banane,Banane
Milk-Shake,Clémentine, ,Clémentine,Clémentine,Clémentine,Clémentine
Sablé à la noix de coco,Milk-Shake, ,Milk-Shake,Milk-Shake,Milk-Shake,Milk-Shake
Banane,Milk-Shake, ,Banane,Banane,Milk-Shake,Milk-Shake
Tarte poires amandes,Charlotte aux Fruits, ,Charlotte aux Fruits,Tarte poires amandes,Charlotte aux Fruits,Charlotte aux Fruits
Cheesecake,Clémentine, ,Clémentine,Clémentine,Clémentine,Cheesecake
Salade de Fruits,Milk-Shake, ,Milk-Shake,Milk-Shake,Salade de Fruits,Milk-Shake
Cheesecake,Charlotte aux Fruits, ,Cheesecake,Cheesecake,Charlotte aux Fruits,Charlotte aux Fruits
Banane,Clémentine, ,Clémentine,Clémentine,Clémentine,Clémentine
Cheesecake,Milk-Shake, ,Cheesecake,Cheesecake,Cheesecake,Cheesecake
Milk-Shake,Riz au lait, ,Milk-Shake,Milk-Shake,Milk-Shake,Milk-Shake
Salade de Fruits,Pomme, ,Salade de Fruits,Pomme,Salade de Fruits,Pomme
Cheesecake,Tarte poires amandes, ,Tarte poires amandes,Tarte poires amandes,Tarte poires amandes,Tarte poires amandes
Pomme,Orange, ,Pomme,Pomme,Pomme,Orange
Cheesecake,Brownie, ,Cheesecake,Cheesecake,Cheesecake,Cheesecake
Chou à la crème,Riz au lait, ,Riz au lait,Riz au lait,Riz au lait,Riz au lait
Chou à la crème,Brownie, ,Chou à la crème,Chou à la crème,Chou à la crème,Chou à la crème
Cheesecake,Riz au lait, ,Cheesecake,Cheesecake,Cheesecake,Cheesecake
Tarte poires amandes,Orange, ,Tarte poires amandes,Orange,Tarte poires amandes,Tarte poires amandes
Riz au lait,Clémentine, ,Riz au lait,Clémentine,Riz au lait,Clémentine
Chou à la crème,Tarte aux Fruits, ,Chou à la crème,Tarte aux Fruits,Chou à la crème,Tarte aux Fruits
Brownie,Clémentine, ,Brownie,Brownie,Brownie,Brownie
Brownie,Pomme, ,Brownie,Brownie,Pomme,Brownie
Sablé à la noix de coco,Tarte poires amandes, ,Sablé à la noix de coco,Sablé à la noix de coco,Sablé à la noix de coco,Sablé à la noix de coco
Tarte poires amandes,Banane, ,Tarte poires amandes,Banane,Tarte poires amandes,Tarte poires amandes
Tarte aux Fruits,Milk-Shake, ,Milk-Shake,Milk-Shake,Milk-Shake,Milk-Shake
Sablé à la noix de coco,Riz au lait, ,Riz au lait,Sablé à la noix de coco,Sablé à la noix de coco,Riz au lait
Tarte poires amandes,Tarte aux Fruits, ,Tarte poires amandes,Tarte poires amandes,Tarte poires amandes,Tarte aux Fruits
Chou à la crème,Clémentine, ,Clémentine,Clémentine,Chou à la crème,Clémentine
Salade de Fruits,Clémentine, ,Salade de Fruits,Salade de Fruits,Salade de Fruits,Clémentine
Cheesecake,Orange, ,Orange,Cheesecake,Cheesecake,Orange
Sablé à la noix de coco,Riz au lait, ,Riz au lait,Sablé à la noix de coco,Sablé à la noix de coco,Sablé à la noix de coco
Sablé à la noix de coco,Riz au lait, ,Sablé à la noix de coco,Sablé à la noix de coco,Sablé à la noix de coco,Sablé à la noix de coco
Brownie,Riz au lait, ,Riz au lait,Riz au lait,Riz au lait,Riz au lait
Chou à la crème,Orange, ,Chou à la crème,Orange,Chou à la crème,Chou à la crème
Tarte poires amandes,Pomme, ,Pomme,Pomme,Tarte poires amandes,Pomme
Tarte aux Fruits,Clémentine, ,Tarte aux Fruits,Tarte aux Fruits,Tarte aux Fruits,Tarte aux Fruits
Milk-Shake,Banane, ,Banane,Milk-Shake,Milk-Shake,Banane
Tarte poires amandes,Brownie, ,Tarte poires amandes,Tarte poires amandes,Brownie,Brownie
Chou à la crème,Banane, ,Chou à la crème,Chou à la crème,Chou à la crème,Banane
Cheesecake,Sablé à la noix de coco, ,Sablé à la noix de coco,Sablé à la noix de coco,Cheesecake,Sablé à la noix de coco
Milk-Shake,Pomme, ,Milk-Shake,Pomme,Pomme,Pomme
Riz au lait,Orange, ,Riz au lait,Orange,Orange,Riz au lait
Brownie,Orange, ,Orange,Orange,Brownie,Orange
Tarte poires amandes,Clémentine, ,Clémentine,Clémentine,Clémentine,Clémentine
Tarte aux Fruits,Clémentine, ,Clémentine,Clémentine,Clémentine,Clémentine
Tarte aux Fruits,Charlotte aux Fruits, ,Charlotte aux Fruits,Charlotte aux Fruits,Charlotte aux Fruits,Charlotte aux Fruits
Chou à la crème,Charlotte aux Fruits, ,Charlotte aux Fruits,Chou à la crème,Charlotte aux Fruits,Chou à la crème
Orange,Milk-Shake, ,Milk-Shake,Milk-Shake,Milk-Shake,Milk-Shake
Charlotte aux Fruits,Milk-Shake, ,Milk-Shake,Charlotte aux Fruits,Milk-Shake,Charlotte aux Fruits
Sablé à la noix de coco,Clémentine, ,Clémentine,Sablé à la noix de coco,Clémentine,Clémentine
Tarte poires amandes,Riz au lait, ,Riz au lait,Riz au lait,Riz au lait,Tarte poires amandes
Sablé à la noix de coco,Tarte aux Fruits, ,Sablé à la noix de coco,Tarte aux Fruits,Sablé à la noix de coco,Tarte aux Fruits
Sablé à la noix de coco,Milk-Shake, ,Milk-Shake,Sablé à la noix de coco,Milk-Shake,Sablé à la noix de coco
Brownie,Chou à la crème, ,Chou à la crème,Chou à la crème,Brownie,Chou à la crème
Brownie,Riz au lait, ,Brownie,Riz au lait,Brownie,Riz au lait
Cheesecake,Tarte aux Fruits, ,Tarte aux Fruits,Tarte aux Fruits,Tarte aux Fruits,Cheesecake
Banane,Pomme, ,Pomme,Pomme,Banane,Banane
Brownie,Clémentine, ,Clémentine,Clémentine,Clémentine,Clémentine
Cheesecake,Salade de Fruits, ,Cheesecake,Cheesecake,Cheesecake,Cheesecake
Cheesecake,Pomme, ,Pomme,Pomme,Pomme,Pomme
Sablé à la noix de coco,Milk-Shake, ,Sablé à la noix de coco,Sablé à la noix de coco,Sablé à la noix de coco,Sablé à la noix de coco
Cheesecake,Pomme, ,Pomme,Pomme,Pomme,Cheesecake
Charlotte aux Fruits,Tarte aux Fruits, ,Charlotte aux Fruits,Tarte aux Fruits,Tarte aux Fruits,Tarte aux Fruits
