Crêpe à la confiture,Banane, ,Crêpe à la confiture,Banane,Crêpe à la confiture,Crêpe à la confiture
Crêpe à la confiture,Salade de Fruits, ,Salade de Fruits,Crêpe à la confiture,Crêpe à la confiture,Crêpe à la confiture
Chou à la crème,Fraisier, ,Chou à la crème,Fraisier,Chou à la crème,Fraisier
Tarte poires amandes,Chou à la crème, ,Chou à la crème,Chou à la crème,Chou à la crème,Chou à la crème
Cake aux Fruits,Clémentine, ,Cake aux Fruits,Cake aux Fruits,Cake aux Fruits,Cake aux Fruits
Crêpe à la confiture,Banane, ,Crêpe à la confiture,Crêpe à la confiture,Crêpe à la confiture,Crêpe à la confiture
Chou à la crème,Cake aux Fruits, ,Chou à la crème,Chou à la crème,Chou à la crème,Chou à la crème
Crêpe à la confiture,Clémentine, ,Crêpe à la confiture,Crêpe à la confiture,Crêpe à la confiture,Crêpe à la confiture
Banane,Yaourt à la grecque, ,Banane,Banane,Yaourt à la grecque,Banane
Brownie,Banane, ,Brownie,Brownie,Banane,Banane
Chou à la crème,Salade de Fruits, ,Salade de Fruits,Salade de Fruits,Salade de Fruits,Chou à la crème
Tarte poires amandes,Madeleine, ,Tarte poires amandes,Tarte poires amandes,Madeleine,Madeleine
Tarte poires amandes,Cake aux Fruits, ,Cake aux Fruits,Tarte poires amandes,Cake aux Fruits,Cake aux Fruits
Madeleine,Clémentine, ,Madeleine,Clémentine,Clémentine,Clémentine
Salade de Fruits,Yaourt à la grecque, ,Salade de Fruits,Yaourt à la grecque,Yaourt à la grecque,Yaourt à la grecque
Fraisier,Yaourt nature, ,Yaourt nature,Yaourt nature,Yaourt nature,Yaourt nature
Banane,Clémentine, ,Banane,Banane,Banane,Banane
Madeleine,Banane, ,Madeleine,Madeleine,Madeleine,Madeleine
Brownie,Chou à la crème, ,Brownie,Brownie,Chou à la crème,Chou à la crème
Fraisier,Yaourt à la grecque, ,Yaourt à la grecque,Fraisier,Fraisier,Fraisier
Madeleine,Yaourt à la grecque, ,Yaourt à la grecque,Yaourt à la grecque,Yaourt à la grecque,Yaourt à la grecque
Orange,Yaourt nature, ,Yaourt nature,Yaourt nature,Yaourt nature,Yaourt nature
Fraisier,Orange, ,Orange,Fraisier,Orange,Fraisier
Yaourt nature,Orange, ,Orange,Yaourt nature,Orange,Yaourt nature
Crêpe à la confiture,Clémentine, ,Clémentine,Crêpe à la confiture,Clémentine,Clémentine
Madeleine,Salade de Fruits, ,Salade de Fruits,Salade de Fruits,Salade de Fruits,Salade de Fruits
Orange,Salade de Fruits, ,Salade de Fruits,Orange,Salade de Fruits,Orange
Cake aux Fruits,Madeleine, ,Cake aux Fruits,Madeleine,Cake aux Fruits,Madeleine
Salade de Fruits,Orange, ,Salade de Fruits,Salade de Fruits,Orange,Salade de Fruits
Banane,Salade de Fruits, ,Salade de Fruits,Salade de Fruits,Salade de Fruits,Salade de Fruits
Clémentine,Salade de Fruits, ,Salade de Fruits,Clémentine,Clémentine,Salade de Fruits
Fraisier,Brownie, ,Brownie,Brownie,Fraisier,Fraisier
Tarte poires amandes,Brownie, ,Brownie,Brownie,Brownie,Tarte poires amandes
Tarte poires amandes,Yaourt nature, ,Tarte poires amandes,Tarte poires amandes,Tarte poires amandes,Tarte poires amandes
Banane,Yaourt nature, ,Yaourt nature,Banane,Yaourt nature,Banane
Madeleine,Orange, ,Orange,Madeleine,Madeleine,Madeleine
Brownie,Yaourt à la grecque, ,Yaourt à la grecque,Brownie,Yaourt à la grecque,Brownie
Chou à la crème,Salade de Fruits, ,Salade de Fruits,Salade de Fruits,Salade de Fruits,Salade de Fruits
Crêpe à la confiture,Salade de Fruits, ,Crêpe à la confiture,Salade de Fruits,Salade de Fruits,Salade de Fruits
Cake aux Fruits,Brownie, ,Brownie,Brownie,Brownie,Brownie
Cake aux Fruits,Clémentine, ,Clémentine,Cake aux Fruits,Cake aux Fruits,Cake aux Fruits
Orange,Clémentine, ,Orange,Orange,Orange,Orange
Fraisier,Tarte poires amandes, ,Fraisier,Tarte poires amandes,Tarte poires amandes,Tarte poires amandes
Chou à la crème,Salade de Fruits, ,Chou à la crème,Chou à la crème,Chou à la crème,Chou à la crème
Chou à la crème,Yaourt nature, ,Chou à la crème,Yaourt nature,Chou à la crème,Yaourt nature
Salade de Fruits,Banane, ,Banane,Banane,Banane,Salade de Fruits
Crêpe à la confiture,Madeleine, ,Crêpe à la confiture,Crêpe à la confiture,Crêpe à la confiture,Crêpe à la confiture
Fraisier,Orange, ,Orange,Orange,Orange,Orange
Cake aux Fruits,Chou à la crème, ,Chou à la crème,Chou à la crème,Chou à la crème,Cake aux Fruits
Yaourt aux fruits,Yaourt à la grecque, ,Yaourt aux fruits,Yaourt aux fruits,Yaourt aux fruits,Yaourt aux fruits
Fraisier,Madeleine, ,Fraisier,Fraisier,Fraisier,Fraisier
Tarte poires amandes,Yaourt à la grecque, ,Yaourt à la grecque,Yaourt à la grecque,Yaourt à la grecque,Tarte poires amandes
Madeleine,Yaourt aux fruits, ,Madeleine,Madeleine,Madeleine,Madeleine
Chou à la crème,Tarte poires amandes, ,Chou à la crème,Tarte poires amandes,Chou à la crème,Chou à la crème
Madeleine,Fraisier, ,Madeleine,Madeleine,Madeleine,Madeleine
Brownie,Fraisier, ,Fraisier,Brownie,Fraisier,Brownie
Clémentine,Banane, ,Clémentine,Banane,Clémentine,Banane
Yaourt nature,Clémentine, ,Yaourt nature,Clémentine,Yaourt nature,Yaourt nature
Madeleine,Orange, ,Madeleine,Orange,Orange,Madeleine
Clémentine,Orange, ,Clémentine,Clémentine,Clémentine,Clémentine
Tarte poires amandes,Banane, ,Banane,Tarte poires amandes,Banane,Tarte poires amandes
Yaourt nature,Yaourt aux fruits, ,Yaourt aux fruits,Yaourt nature,Yaourt nature,Yaourt nature
Clémentine,Yaourt aux fruits, ,Clémentine,Clémentine,Clémentine,Clémentine
Chou à la crème,Clémentine, ,Clémentine,Clémentine,Clémentine,Clémentine
Cake aux Fruits,Yaourt nature, ,Yaourt nature,Yaourt nature,Yaourt nature,Yaourt nature
Orange,Yaourt aux fruits, ,Yaourt aux fruits,Orange,Orange,Orange
Fraisier,Salade de Fruits, ,Salade de Fruits,Salade de Fruits,Salade de Fruits,Salade de Fruits
Tarte poires amandes,Fraisier, ,Tarte poires amandes,Tarte poires amandes,Fraisier,Fraisier
Banane,Orange, ,Orange,Banane,Orange,Banane
Brownie,Madeleine, ,Brownie,Brownie,Brownie,Brownie
Tarte poires amandes,Orange, ,Orange,Orange,Orange,Tarte poires amandes
Brownie,Salade de Fruits, ,Salade de Fruits,Brownie,Salade de Fruits,Salade de Fruits
Crêpe à la confiture,Orange, ,Crêpe à la confiture,Orange,Crêpe à la confiture,Orange
Cake aux Fruits,Clémentine, ,Cake aux Fruits,Cake aux Fruits,Cake aux Fruits,Cake aux Fruits
Chou à la crème,Banane, ,Chou à la crème,Chou à la crème,Chou à la crème,Banane
Yaourt nature,Banane, ,Yaourt nature,Banane,Yaourt nature,Banane
Madeleine,Chou à la crème, ,Chou à la crème,Madeleine,Madeleine,Madeleine
Crêpe à la confiture,Clémentine, ,Crêpe à la confiture,Clémentine,Clémentine,Crêpe à la confiture
Madeleine,Cake aux Fruits, ,Cake aux Fruits,Cake aux Fruits,Cake aux Fruits,Madeleine
Cake aux Fruits,Banane, ,Cake aux Fruits,Cake aux Fruits,Cake aux Fruits,Banane
Madeleine,Banane, ,Banane,Banane,Banane,Banane
Fraisier,Orange, ,Fraisier,Fraisier,Fraisier,Fraisier
