Opéra,Yaourt nature, ,Opéra,Opéra,Opéra,Opéra
Madeleine,Yaourt nature, ,Madeleine,Yaourt nature,Madeleine,Yaourt nature
Charlotte aux Fruits,Orange, ,Orange,Charlotte aux Fruits,Charlotte aux Fruits,Charlotte aux Fruits
Opéra,Sablé à la noix de coco, ,Opéra,Opéra,Opéra,Sablé à la noix de coco
Charlotte aux Fruits,Cookie, ,Charlotte aux Fruits,Cookie,Charlotte aux Fruits,Cookie
Charlotte aux Fruits,Yaourt nature, ,Charlotte aux Fruits,Charlotte aux Fruits,Charlotte aux Fruits,Charlotte aux Fruits
Opéra,Orange, ,Orange,Orange,Orange,Orange
Charlotte aux Fruits,Sundae, ,Charlotte aux Fruits,Charlotte aux Fruits,Charlotte aux Fruits,Sundae
Clémentine,Yaourt nature, ,Yaourt nature,Yaourt nature,Yaourt nature,Yaourt nature
Sablé à la noix de coco,Raisin, ,Raisin,Raisin,Sablé à la noix de coco,Raisin
Madeleine,Yaourt nature, ,Yaourt nature,Yaourt nature,Yaourt nature,Yaourt nature
Cookie,Yaourt nature, ,Yaourt nature,Yaourt nature,Yaourt nature,Yaourt nature
Sablé à la noix de coco,Glace, ,Glace,Glace,Glace,Sablé à la noix de coco
Sundae,Yaourt aux fruits, ,Sundae,Sundae,Sundae,Sundae
Sundae,Madeleine, ,Sundae,Sundae,Sundae,Sundae
Raisin,Clémentine, ,Raisin,Clémentine,Clémentine,Raisin
Opéra,Madeleine, ,Madeleine,Opéra,Madeleine,Madeleine
Orange,Ile flottante, ,Ile flottante,Ile flottante,Orange,Ile flottante
Glace,Sablé à la noix de coco, ,Sablé à la noix de coco,Glace,Glace,Glace
Ile flottante,Raisin, ,Ile flottante,Ile flottante,Raisin,Ile flottante
Sundae,Glace, ,Glace,Glace,Glace,Glace
Madeleine,Ile flottante, ,Ile flottante,Ile flottante,Ile flottante,Ile flottante
Orange,Raisin, ,Orange,Orange,Raisin,Orange
Sundae,Charlotte aux Fruits, ,Sundae,Charlotte aux Fruits,Sundae,Charlotte aux Fruits
Glace,Orange, ,Glace,Orange,Orange,Glace
Raisin,Ile flottante, ,Raisin,Ile flottante,Raisin,Ile flottante
Sablé à la noix de coco,Orange, ,Sablé à la noix de coco,Sablé à la noix de coco,Sablé à la noix de coco,Sablé à la noix de coco
Cookie,Crème Caramel, ,Crème Caramel,Crème Caramel,Crème Caramel,Crème Caramel
Opéra,Ile flottante, ,Ile flottante,Ile flottante,Ile flottante,Opéra
Charlotte aux Fruits,Sablé à la noix de coco, ,Sablé à la noix de coco,Sablé à la noix de coco,Sablé à la noix de coco,Charlotte aux Fruits
Madeleine,Clémentine, ,Madeleine,Madeleine,Madeleine,Clémentine
Sundae,Clémentine, ,Clémentine,Sundae,Clémentine,Sundae
Charlotte aux Fruits,Orange, ,Charlotte aux Fruits,Orange,Orange,Charlotte aux Fruits
Clémentine,Orange, ,Orange,Clémentine,Orange,Clémentine
Orange,Clémentine, ,Clémentine,Clémentine,Clémentine,Orange
Sablé à la noix de coco,Crème Caramel, ,Crème Caramel,Crème Caramel,Sablé à la noix de coco,Crème Caramel
Raisin,Orange, ,Orange,Orange,Orange,Raisin
Opéra,Raisin, ,Opéra,Raisin,Raisin,Opéra
Yaourt aux fruits,Crème Caramel, ,Yaourt aux fruits,Yaourt aux fruits,Yaourt aux fruits,Yaourt aux fruits
Glace,Charlotte aux Fruits, ,Charlotte aux Fruits,Glace,Charlotte aux Fruits,Glace
Madeleine,Clémentine, ,Madeleine,Madeleine,Clémentine,Madeleine
Sablé à la noix de coco,Charlotte aux Fruits, ,Charlotte aux Fruits,Charlotte aux Fruits,Sablé à la noix de coco,Sablé à la noix de coco
Orange,Yaourt aux fruits, ,Yaourt aux fruits,Yaourt aux fruits,Yaourt aux fruits,Yaourt aux fruits
Madeleine,Clémentine, ,Clémentine,Madeleine,Clémentine,Madeleine
Yaourt nature,Ile flottante, ,Yaourt nature,Yaourt nature,Yaourt nature,Yaourt nature
Opéra,Clémentine, ,Opéra,Clémentine,Clémentine,Clémentine
Cookie,Raisin, ,Cookie,Cookie,Cookie,Cookie
Crème Caramel,Orange, ,Crème Caramel,Crème Caramel,Crème Caramel,Crème Caramel
Orange,Yaourt nature, ,Orange,Yaourt nature,Orange,Yaourt nature
Sundae,Yaourt nature, ,Yaourt nature,Yaourt nature,Yaourt nature,Yaourt nature
Madeleine,Opéra, ,Madeleine,Madeleine,Madeleine,Madeleine
Crème Caramel,Clémentine, ,Crème Caramel,Crème Caramel,Crème Caramel,Crème Caramel
Charlotte aux Fruits,Orange, ,Charlotte aux Fruits,Charlotte aux Fruits,Orange,Orange
Sablé à la noix de coco,Raisin, ,Raisin,Raisin,Raisin,Raisin
Sablé à la noix de coco,Cookie, ,Cookie,Cookie,Cookie,Cookie
Charlotte aux Fruits,Crème Caramel, ,Charlotte aux Fruits,Crème Caramel,Charlotte aux Fruits,Charlotte aux Fruits
Glace,Crème Caramel, ,Crème Caramel,Crème Caramel,Crème Caramel,Glace
Sablé à la noix de coco,Yaourt nature, ,Yaourt nature,Sablé à la noix de coco,Sablé à la noix de coco,Sablé à la noix de coco
Madeleine,Yaourt nature, ,Yaourt nature,Madeleine,Yaourt nature,Yaourt nature
Glace,Yaourt aux fruits, ,Glace,Glace,Glace,Glace
Sundae,Cookie, ,Sundae,Sundae,Sundae,Sundae
Glace,Ile flottante, ,Ile flottante,Ile flottante,Ile flottante,Ile flottante
Opéra,Sundae, ,Opéra,Opéra,Sundae,Sundae
Clémentine,Crème Caramel, ,Crème Caramel,Clémentine,Crème Caramel,Clémentine
Ile flottante,Orange, ,Orange,Orange,Orange,Orange
Cookie,Ile flottante, ,Cookie,Cookie,Cookie,Cookie
Madeleine,Ile flottante, ,Madeleine,Madeleine,Madeleine,Madeleine
Cookie,Orange, ,Cookie,Cookie,Cookie,Cookie
Yaourt aux fruits,Yaourt nature, ,Yaourt nature,Yaourt aux fruits,Yaourt nature,Yaourt aux fruits
Cookie,Glace, ,Glace,Glace,Cookie,Glace
Clémentine,Ile flottante, ,Clémentine,Clémentine,Clémentine,Ile flottante
Charlotte aux Fruits,Glace, ,Glace,Glace,Charlotte aux Fruits,Charlotte aux Fruits
Opéra,Orange, ,Orange,Orange,Orange,Opéra
Madeleine,Glace, ,Glace,Madeleine,Glace,Madeleine
Sundae,Raisin, ,Raisin,Sundae,Raisin,Sundae
Clémentine,Raisin, ,Raisin,Clémentine,Clémentine,Raisin
Sundae,Ile flottante, ,Sundae,Sundae,Ile flottante,Sundae
Sablé à la noix de coco,Ile flottante, ,Ile flottante,Ile flottante,Ile flottante,Ile flottante
Ile flottante,Yaourt nature, ,Ile flottante,Ile flottante,Yaourt nature,Ile flottante
Opéra,Ile flottante, ,Opéra,Opéra,Ile flottante,Opéra
Opéra,Cookie, ,Opéra,Opéra,Opéra,Opéra
Cookie,Opéra, ,Opéra,Opéra,Opéra,Opéra
