Tarte au chocolat,Crème dessert à la vanille, ,Crème dessert à la vanille,Crème dessert à la vanille,Crème dessert à la vanille,Crème dessert à la vanille
Fraisier,Quatre-Quart, ,Quatre-Quart,Quatre-Quart,Quatre-Quart,Quatre-Quart
Tarte au chocolat,Milk-Shake, ,Milk-Shake,Milk-Shake,Milk-Shake,Milk-Shake
Fraisier,Tarte au chocolat, ,Tarte au chocolat,Fraisier,Fraisier,Fraisier
Milk-Shake,Crème dessert à la vanille, ,Crème dessert à la vanille,Crème dessert à la vanille,Crème dessert à la vanille,Milk-Shake
Fraisier,Milk-Shake, ,Fraisier,Fraisier,Fraisier,Fraisier
Fraisier,Orange, ,Orange,Fraisier,Orange,Fraisier
Chou à la crème,Fraisier, ,Fraisier,Fraisier,Chou à la crème,Chou à la crème
Tarte au chocolat,Crème dessert à la vanille, ,Tarte au chocolat,Crème dessert à la vanille,Crème dessert à la vanille,Tarte au chocolat
Sablé à la noix de coco,Liégeois, ,Liégeois,Liégeois,Liégeois,Liégeois
Crème Caramel,Liégeois, ,Liégeois,Liégeois,Crème Caramel,Liégeois
Sundae,Crème dessert à la vanille, ,Sundae,Sundae,Crème dessert à la vanille,Crème dessert à la vanille
Sundae,Crème dessert à la vanille, ,Sundae,Crème dessert à la vanille,Crème dessert à la vanille,Crème dessert à la vanille
Tarte poires amandes,Smoothie, ,Smoothie,Tarte poires amandes,Tarte poires amandes,Smoothie
Tarte au chocolat,Crème dessert à la vanille, ,Crème dessert à la vanille,Crème dessert à la vanille,Crème dessert à la vanille,Crème dessert à la vanille
Fraisier,Yaourt aux fruits, ,Fraisier,Fraisier,Fraisier,Fraisier
Sablé à la noix de coco,Smoothie, ,Sablé à la noix de coco,Smoothie,Smoothie,Sablé à la noix de coco
Sundae,Tarte poires amandes, ,Sundae,Tarte poires amandes,Sundae,Tarte poires amandes
Sablé à la noix de coco,Fraisier, ,Sablé à la noix de coco,Fraisier,Fraisier,Sablé à la noix de coco
Tarte poires amandes,Sundae, ,Sundae,Tarte poires amandes,Sundae,Tarte poires amandes
Smoothie,Yaourt aux fruits, ,Smoothie,Smoothie,Yaourt aux fruits,Yaourt aux fruits
Milk-Shake,Smoothie, ,Milk-Shake,Smoothie,Milk-Shake,Milk-Shake
Sundae,Sablé à la noix de coco, ,Sablé à la noix de coco,Sablé à la noix de coco,Sablé à la noix de coco,Sablé à la noix de coco
Milk-Shake,Yaourt aux fruits, ,Yaourt aux fruits,Yaourt aux fruits,Yaourt aux fruits,Yaourt aux fruits
Tarte au chocolat,Chou à la crème, ,Chou à la crème,Chou à la crème,Chou à la crème,Chou à la crème
Sundae,Smoothie, ,Sundae,Sundae,Sundae,Sundae
Sablé à la noix de coco,Milk-Shake, ,Sablé à la noix de coco,Milk-Shake,Sablé à la noix de coco,Sablé à la noix de coco
Tarte au chocolat,Sablé à la noix de coco, ,Tarte au chocolat,Sablé à la noix de coco,Sablé à la noix de coco,Tarte au chocolat
Sundae,Crème dessert à la vanille, ,Crème dessert à la vanille,Sundae,Sundae,Sundae
Crème Caramel,Smoothie, ,Crème Caramel,Crème Caramel,Crème Caramel,Smoothie
Fraisier,Tarte poires amandes, ,Tarte poires amandes,Tarte poires amandes,Tarte poires amandes,Fraisier
Yaourt aux fruits,Smoothie, ,Smoothie,Smoothie,Yaourt aux fruits,Yaourt aux fruits
Sablé à la noix de coco,Milk-Shake, ,Milk-Shake,Milk-Shake,Milk-Shake,Milk-Shake
Tarte poires amandes,Orange, ,Tarte poires amandes,Tarte poires amandes,Tarte poires amandes,Orange
Sundae,Tarte au chocolat, ,Tarte au chocolat,Tarte au chocolat,Tarte au chocolat,Sundae
Smoothie,Crème Caramel, ,Smoothie,Smoothie,Smoothie,Crème Caramel
Tarte au chocolat,Quatre-Quart, ,Tarte au chocolat,Quatre-Quart,Quatre-Quart,Tarte au chocolat
Sundae,Fraisier, ,Fraisier,Fraisier,Fraisier,Fraisier
Sundae,Smoothie, ,Smoothie,Sundae,Smoothie,Sundae
Sablé à la noix de coco,Sundae, ,Sundae,Sundae,Sundae,Sundae
Sablé à la noix de coco,Milk-Shake, ,Milk-Shake,Milk-Shake,Milk-Shake,Sablé à la noix de coco
Fraisier,Yaourt aux fruits, ,Yaourt aux fruits,Yaourt aux fruits,Yaourt aux fruits,Yaourt aux fruits
Crème dessert à la vanille,Liégeois, ,Liégeois,Liégeois,Liégeois,Liégeois
Sundae,Smoothie, ,Sundae,Sundae,Sundae,Sundae
Smoothie,Milk-Shake, ,Milk-Shake,Smoothie,Smoothie,Milk-Shake
Sundae,Quatre-Quart, ,Quatre-Quart,Quatre-Quart,Sundae,Sundae
Chou à la crème,Milk-Shake, ,Chou à la crème,Chou à la crème,Chou à la crème,Chou à la crème
Sablé à la noix de coco,Quatre-Quart, ,Sablé à la noix de coco,Quatre-Quart,Sablé à la noix de coco,Sablé à la noix de coco
Sablé à la noix de coco,Liégeois, ,Sablé à la noix de coco,Liégeois,Liégeois,Liégeois
Chou à la crème,Milk-Shake, ,Chou à la crème,Chou à la crème,Milk-Shake,Chou à la crème
Tarte poires amandes,Yaourt aux fruits, ,Tarte poires amandes,Yaourt aux fruits,Tarte poires amandes,Tarte poires amandes
Crème Caramel,Yaourt aux fruits, ,Crème Caramel,Crème Caramel,Crème Caramel,Crème Caramel
Orange,Smoothie, ,Orange,Smoothie,Smoothie,Orange
Liégeois,Smoothie, ,Liégeois,Smoothie,Liégeois,Liégeois
Sundae,Crème dessert à la vanille, ,Crème dessert à la vanille,Sundae,Sundae,Sundae
Sundae,Smoothie, ,Smoothie,Sundae,Smoothie,Smoothie
Fraisier,Smoothie, ,Fraisier,Smoothie,Smoothie,Fraisier
Orange,Yaourt aux fruits, ,Orange,Orange,Orange,Orange
Sablé à la noix de coco,Yaourt aux fruits, ,Sablé à la noix de coco,Yaourt aux fruits,Yaourt aux fruits,Yaourt aux fruits
Yaourt aux fruits,Liégeois, ,Yaourt aux fruits,Yaourt aux fruits,Yaourt aux fruits,Yaourt aux fruits
Quatre-Quart,Smoothie, ,Smoothie,Smoothie,Smoothie,Smoothie
Chou à la crème,Tarte poires amandes, ,Chou à la crème,Chou à la crème,Chou à la crème,Chou à la crème
Liégeois,Crème dessert à la vanille, ,Crème dessert à la vanille,Crème dessert à la vanille,Liégeois,Liégeois
Milk-Shake,Orange, ,Milk-Shake,Milk-Shake,Milk-Shake,Milk-Shake
Fraisier,Crème Caramel, ,Fraisier,Crème Caramel,Fraisier,Fraisier
Tarte au chocolat,Orange, ,Tarte au chocolat,Orange,Orange,Tarte au chocolat
Sundae,Smoothie, ,Smoothie,Sundae,Smoothie,Smoothie
Crème Caramel,Orange, ,Crème Caramel,Orange,Orange,Crème Caramel
Tarte poires amandes,Fraisier, ,Fraisier,Fraisier,Fraisier,Fraisier
Sablé à la noix de coco,Milk-Shake, ,Sablé à la noix de coco,Sablé à la noix de coco,Sablé à la noix de coco,Sablé à la noix de coco
Crème dessert à la vanille,Crème Caramel, ,Crème Caramel,Crème Caramel,Crème Caramel,Crème Caramel
Crème Caramel,Crème dessert à la vanille, ,Crème dessert à la vanille,Crème dessert à la vanille,Crème Caramel,Crème Caramel
Quatre-Quart,Chou à la crème, ,Quatre-Quart,Quatre-Quart,Chou à la crème,Quatre-Quart
Tarte poires amandes,Smoothie, ,Tarte poires amandes,Tarte poires amandes,Tarte poires amandes,Tarte poires amandes
Quatre-Quart,Sundae, ,Sundae,Sundae,Quatre-Quart,Sundae
Quatre-Quart,Orange, ,Quatre-Quart,Quatre-Quart,Quatre-Quart,Quatre-Quart
Smoothie,Crème dessert à la vanille, ,Smoothie,Smoothie,Smoothie,Crème dessert à la vanille
Sundae,Crème Caramel, ,Sundae,Sundae,Sundae,Sundae
Quatre-Quart,Orange, ,Orange,Orange,Orange,Orange
Tarte au chocolat,Sundae, ,Sundae,Sundae,Tarte au chocolat,Sundae
Sundae,Milk-Shake, ,Milk-Shake,Milk-Shake,Sundae,Milk-Shake
Quatre-Quart,Liégeois, ,Liégeois,Liégeois,Liégeois,Liégeois
