Charlotte aux Fruits,Crème Caramel, ,Charlotte aux Fruits,Crème Caramel,Crème Caramel,Crème Caramel
Charlotte aux Fruits,Tarte au citron meringuée, ,Charlotte aux Fruits,Charlotte aux Fruits,Tarte au citron meringuée,Charlotte aux Fruits
Sablé à la noix de coco,Crème Caramel, ,Sablé à la noix de coco,Sablé à la noix de coco,Sablé à la noix de coco,Sablé à la noix de coco
Tarte au chocolat,Clémentine, ,Clémentine,Clémentine,Clémentine,Clémentine
Tarte au citron meringuée,Meringue, ,Meringue,Tarte au citron meringuée,Meringue,Meringue
Sablé à la noix de coco,Clémentine, ,Clémentine,Clémentine,Clémentine,Sablé à la noix de coco
Clémentine,Yaourt aux fruits, ,Yaourt aux fruits,Yaourt aux fruits,Yaourt aux fruits,Yaourt aux fruits
Yaourt aux fruits,Pomme, ,Pomme,Pomme,Pomme,Pomme
Crème Caramel,Orange, ,Crème Caramel,Crème Caramel,Crème Caramel,Crème Caramel
Madeleine,Mille-Feuille, ,Madeleine,Mille-Feuille,Mille-Feuille,Madeleine
Meringue,Pomme, ,Pomme,Pomme,Pomme,Pomme
Meringue,Banane, ,Meringue,Meringue,Banane,Banane
Madeleine,Crème Caramel, ,Madeleine,Madeleine,Crème Caramel,Madeleine
Charlotte aux Fruits,Yaourt aux fruits, ,Charlotte aux Fruits,Charlotte aux Fruits,Charlotte aux Fruits,Charlotte aux Fruits
Mille-Feuille,Banane, ,Banane,Banane,Mille-Feuille,Banane
Sablé à la noix de coco,Charlotte aux Fruits, ,Charlotte aux Fruits,Sablé à la noix de coco,Sablé à la noix de coco,Sablé à la noix de coco
Tarte au chocolat,Riz au lait, ,Riz au lait,Riz au lait,Tarte au chocolat,Riz au lait
Pomme,Yaourt aux fruits, ,Yaourt aux fruits,Pomme,Yaourt aux fruits,Pomme
Orange,Pomme, ,Orange,Orange,Pomme,Pomme
Charlotte aux Fruits,Pomme, ,Charlotte aux Fruits,Pomme,Charlotte aux Fruits,Pomme
Meringue,Yaourt aux fruits, ,Meringue,Meringue,Meringue,Meringue
Tarte au citron meringuée,Orange, ,Tarte au citron meringuée,Tarte au citron meringuée,Tarte au citron meringuée,Tarte au citron meringuée
Tarte au chocolat,Meringue, ,Tarte au chocolat,Meringue,Meringue,Tarte au chocolat
Mille-Feuille,Clémentine, ,Clémentine,Clémentine,Clémentine,Clémentine
Madeleine,Yaourt aux fruits, ,Madeleine,Madeleine,Yaourt aux fruits,Madeleine
Yaourt aux fruits,Riz au lait, ,Riz au lait,Riz au lait,Yaourt aux fruits,Yaourt aux fruits
Pomme,Clémentine, ,Clémentine,Pomme,Pomme,Pomme
Clémentine,Banane, ,Banane,Banane,Banane,Clémentine
Meringue,Crème Caramel, ,Crème Caramel,Meringue,Crème Caramel,Crème Caramel
Riz au lait,Crème Caramel, ,Crème Caramel,Crème Caramel,Crème Caramel,Crème Caramel
Tarte au chocolat,Riz au lait, ,Tarte au chocolat,Riz au lait,Tarte au chocolat,Riz au lait
Mille-Feuille,Sablé à la noix de coco, ,Mille-Feuille,Mille-Feuille,Mille-Feuille,Mille-Feuille
Pomme,Crème Caramel, ,Pomme,Crème Caramel,Crème Caramel,Crème Caramel
Banane,Yaourt aux fruits, ,Yaourt aux fruits,Yaourt aux fruits,Yaourt aux fruits,Banane
Tarte au citron meringuée,Orange, ,Orange,Orange,Orange,Orange
Meringue,Tarte au citron meringuée, ,Meringue,Meringue,Tarte au citron meringuée,Tarte au citron meringuée
Tarte au chocolat,Sablé à la noix de coco, ,Tarte au chocolat,Sablé à la noix de coco,Sablé à la noix de coco,Sablé à la noix de coco
Pomme,Banane, ,Pomme,Banane,Pomme,Banane
Orange,Yaourt aux fruits, ,Yaourt aux fruits,Orange,Orange,Orange
Madeleine,Riz au lait, ,Madeleine,Madeleine,Riz au lait,Madeleine
Mille-Feuille,Crème Caramel, ,Mille-Feuille,Mille-Feuille,Mille-Feuille,Mille-Feuille
Tarte au citron meringuée,Riz au lait, ,Riz au lait,Riz au lait,Riz au lait,Riz au lait
Charlotte aux Fruits,Orange, ,Orange,Orange,Orange,Orange
Tarte au citron meringuée,Sablé à la noix de coco, ,Sablé à la noix de coco,Tarte au citron meringuée,Sablé à la noix de coco,Sablé à la noix de coco
Crème Caramel,Banane, ,Banane,Banane,Banane,Banane
Meringue,Clémentine, ,Meringue,Clémentine,Meringue,Meringue
Sablé à la noix de coco,Tarte au citron meringuée, ,Sablé à la noix de coco,Sablé à la noix de coco,Sablé à la noix de coco,Tarte au citron meringuée
Charlotte aux Fruits,Clémentine, ,Charlotte aux Fruits,Charlotte aux Fruits,Charlotte aux Fruits,Charlotte aux Fruits
Tarte au citron meringuée,Banane, ,Tarte au citron meringuée,Tarte au citron meringuée,Tarte au citron meringuée,Tarte au citron meringuée
Meringue,Madeleine, ,Madeleine,Madeleine,Madeleine,Madeleine
Sablé à la noix de coco,Mille-Feuille, ,Mille-Feuille,Mille-Feuille,Mille-Feuille,Mille-Feuille
Tarte au chocolat,Madeleine, ,Tarte au chocolat,Tarte au chocolat,Tarte au chocolat,Tarte au chocolat
Meringue,Clémentine, ,Meringue,Meringue,Meringue,Meringue
Sablé à la noix de coco,Orange, ,Sablé à la noix de coco,Sablé à la noix de coco,Sablé à la noix de coco,Sablé à la noix de coco
Charlotte aux Fruits,Yaourt aux fruits, ,Charlotte aux Fruits,Yaourt aux fruits,Charlotte aux Fruits,Charlotte aux Fruits
Charlotte aux Fruits,Sablé à la noix de coco, ,Charlotte aux Fruits,Charlotte aux Fruits,Charlotte aux Fruits,Charlotte aux Fruits
Mille-Feuille,Tarte au citron meringuée, ,Tarte au citron meringuée,Tarte au citron meringuée,Tarte au citron meringuée,Tarte au citron meringuée
Orange,Riz au lait, ,Orange,Riz au lait,Orange,Orange
Crème Caramel,Clémentine, ,Crème Caramel,Crème Caramel,Crème Caramel,Crème Caramel
Tarte au citron meringuée,Charlotte aux Fruits, ,Charlotte aux Fruits,Tarte au citron meringuée,Charlotte aux Fruits,Charlotte aux Fruits
Tarte au chocolat,Orange, ,Tarte au chocolat,Orange,Orange,Orange
Madeleine,Yaourt aux fruits, ,Yaourt aux fruits,Madeleine,Yaourt aux fruits,Yaourt aux fruits
Mille-Feuille,Tarte au chocolat, ,Mille-Feuille,Tarte au chocolat,Mille-Feuille,Tarte au chocolat
Banane,Crème Caramel, ,Crème Caramel,Banane,Crème Caramel,Banane
Tarte au chocolat,Pomme, ,Pomme,Tarte au chocolat,Pomme,Tarte au chocolat
Tarte au citron meringuée,Madeleine, ,Tarte au citron meringuée,Madeleine,Tarte au citron meringuée,Madeleine
Clémentine,Orange, ,Clémentine,Orange,Clémentine,Orange
Banane,Clémentine, ,Banane,Banane,Banane,Banane
Mille-Feuille,Madeleine, ,Mille-Feuille,Mille-Feuille,Madeleine,Madeleine
Sablé à la noix de coco,Pomme, ,Sablé à la noix de coco,Sablé à la noix de coco,Pomme,Sablé à la noix de coco
Tarte au citron meringuée,Orange, ,Orange,Orange,Orange,Orange
Tarte au chocolat,Orange, ,Tarte au chocolat,Orange,Orange,Tarte au chocolat
Sablé à la noix de coco,Pomme, ,Pomme,Sablé à la noix de coco,Sablé à la noix de coco,Sablé à la noix de coco
Mille-Feuille,Riz au lait, ,Riz au lait,Riz au lait,Riz au lait,Riz au lait
Tarte au chocolat,Yaourt aux fruits, ,Tarte au chocolat,Tarte au chocolat,Yaourt aux fruits,Yaourt aux fruits
Madeleine,Tarte au chocolat, ,Tarte au chocolat,Tarte au chocolat,Tarte au chocolat,Tarte au chocolat
Madeleine,Charlotte aux Fruits, ,Charlotte aux Fruits,Madeleine,Madeleine,Charlotte aux Fruits
Riz au lait,Yaourt aux fruits, ,Yaourt aux fruits,Riz au lait,Yaourt aux fruits,Riz au lait
Sablé à la noix de coco,Crème Caramel, ,Crème Caramel,Crème Caramel,Sablé à la noix de coco,Sablé à la noix de coco
Charlotte aux Fruits,Clémentine, ,Clémentine,Clémentine,Clémentine,Clémentine
Riz au lait,Pomme, ,Riz au lait,Riz au lait,Riz au lait,Pomme
Charlotte aux Fruits,Crème Caramel, ,Crème Caramel,Crème Caramel,Charlotte aux Fruits,Charlotte aux Fruits
