Crêpe à la confiture,Mangue, ,Crêpe à la confiture,Mangue,Mangue,Mangue
Crème dessert à la vanille,Mangue, ,Crème dessert à la vanille,Crème dessert à la vanille,Crème dessert à la vanille,Crème dessert à la vanille
Crêpe à la confiture,Riz au lait, ,Riz au lait,Riz au lait,Riz au lait,Riz au lait
Madeleine,Glace, ,Glace,Madeleine,Glace,Glace
Compote,Mangue, ,Compote,Compote,Compote,Mangue
Mangue,Crème dessert à la vanille, ,Crème dessert à la vanille,Crème dessert à la vanille,Mangue,Mangue
Sablé à la noix de coco,Riz au lait, ,Riz au lait,Riz au lait,Riz au lait,Riz au lait
Madeleine,Crêpe à la confiture, ,Madeleine,Crêpe à la confiture,Madeleine,Crêpe à la confiture
Madeleine,Riz au lait, ,Riz au lait,Riz au lait,Madeleine,Madeleine
Brownie,Yaourt nature, ,Brownie,Brownie,Brownie,Brownie
Sorbet,Glace, ,Sorbet,Glace,Glace,Sorbet
Sorbet,Sablé à la noix de coco, ,Sorbet,Sablé à la noix de coco,Sorbet,Sablé à la noix de coco
Sablé à la noix de coco,Brownie, ,Sablé à la noix de coco,Brownie,Brownie,Brownie
Tarte au chocolat,Mangue, ,Mangue,Tarte au chocolat,Mangue,Tarte au chocolat
Compote,Yaourt nature, ,Compote,Compote,Compote,Compote
Crêpe à la confiture,Crème dessert à la vanille, ,Crème dessert à la vanille,Crème dessert à la vanille,Crème dessert à la vanille,Crêpe à la confiture
Riz au lait,Litchi, ,Litchi,Riz au lait,Litchi,Litchi
Sorbet,Riz au lait, ,Sorbet,Sorbet,Sorbet,Sorbet
Crêpe à la confiture,Glace, ,Crêpe à la confiture,Crêpe à la confiture,Glace,Glace
Riz au lait,Compote, ,Compote,Compote,Compote,Riz au lait
Crêpe à la confiture,Riz au lait, ,Crêpe à la confiture,Crêpe à la confiture,Crêpe à la confiture,Crêpe à la confiture
Riz au lait,Yaourt nature, ,Yaourt nature,Yaourt nature,Riz au lait,Yaourt nature
Riz au lait,Yaourt aux fruits, ,Yaourt aux fruits,Yaourt aux fruits,Yaourt aux fruits,Yaourt aux fruits
Madeleine,Sablé à la noix de coco, ,Sablé à la noix de coco,Sablé à la noix de coco,Sablé à la noix de coco,Sablé à la noix de coco
Crêpe à la confiture,Mangue, ,Crêpe à la confiture,Crêpe à la confiture,Mangue,Mangue
Tarte au chocolat,Riz au lait, ,Tarte au chocolat,Tarte au chocolat,Tarte au chocolat,Tarte au chocolat
Tarte au chocolat,Brownie, ,Brownie,Tarte au chocolat,Brownie,Tarte au chocolat
Sorbet,Mangue, ,Sorbet,Sorbet,Mangue,Mangue
Brownie,Glace, ,Glace,Glace,Brownie,Brownie
Sorbet,Yaourt nature, ,Sorbet,Sorbet,Sorbet,Sorbet
Yaourt aux fruits,Riz au lait, ,Yaourt aux fruits,Yaourt aux fruits,Riz au lait,Riz au lait
Sablé à la noix de coco,Glace, ,Glace,Sablé à la noix de coco,Sablé à la noix de coco,Sablé à la noix de coco
Mangue,Yaourt nature, ,Yaourt nature,Mangue,Yaourt nature,Mangue
Crêpe à la confiture,Crème dessert à la vanille, ,Crêpe à la confiture,Crêpe à la confiture,Crêpe à la confiture,Crème dessert à la vanille
Litchi,Mangue, ,Litchi,Mangue,Mangue,Mangue
Crêpe à la confiture,Yaourt aux fruits, ,Crêpe à la confiture,Yaourt aux fruits,Yaourt aux fruits,Yaourt aux fruits
Sorbet,Mangue, ,Sorbet,Sorbet,Sorbet,Mangue
Mangue,Yaourt aux fruits, ,Mangue,Yaourt aux fruits,Mangue,Yaourt aux fruits
Riz au lait,Mangue, ,Riz au lait,Mangue,Riz au lait,Riz au lait
Sablé à la noix de coco,Madeleine, ,Sablé à la noix de coco,Sablé à la noix de coco,Sablé à la noix de coco,Sablé à la noix de coco
Brownie,Crêpe à la confiture, ,Crêpe à la confiture,Brownie,Brownie,Brownie
Sablé à la noix de coco,Crème dessert à la vanille, ,Sablé à la noix de coco,Crème dessert à la vanille,Crème dessert à la vanille,Sablé à la noix de coco
Yaourt aux fruits,Litchi, ,Yaourt aux fruits,Yaourt aux fruits,Yaourt aux fruits,Yaourt aux fruits
Glace,Madeleine, ,Glace,Madeleine,Madeleine,Madeleine
Madeleine,Mangue, ,Mangue,Mangue,Mangue,Mangue
Sablé à la noix de coco,Sorbet, ,Sablé à la noix de coco,Sablé à la noix de coco,Sablé à la noix de coco,Sablé à la noix de coco
Madeleine,Sorbet, ,Madeleine,Madeleine,Madeleine,Madeleine
Brownie,Sablé à la noix de coco, ,Sablé à la noix de coco,Sablé à la noix de coco,Sablé à la noix de coco,Brownie
Litchi,Yaourt nature, ,Litchi,Litchi,Yaourt nature,Yaourt nature
Sorbet,Yaourt nature, ,Sorbet,Yaourt nature,Yaourt nature,Yaourt nature
Brownie,Yaourt nature, ,Yaourt nature,Yaourt nature,Yaourt nature,Yaourt nature
Madeleine,Mangue, ,Mangue,Mangue,Madeleine,Mangue
Madeleine,Tarte au chocolat, ,Madeleine,Madeleine,Tarte au chocolat,Madeleine
Compote,Yaourt aux fruits, ,Yaourt aux fruits,Compote,Compote,Yaourt aux fruits
Tarte au chocolat,Madeleine, ,Tarte au chocolat,Madeleine,Madeleine,Tarte au chocolat
Crêpe à la confiture,Tarte au chocolat, ,Crêpe à la confiture,Crêpe à la confiture,Crêpe à la confiture,Crêpe à la confiture
Glace,Yaourt nature, ,Glace,Glace,Glace,Glace
Brownie,Mangue, ,Mangue,Brownie,Brownie,Mangue
Brownie,Crème dessert à la vanille, ,Crème dessert à la vanille,Crème dessert à la vanille,Crème dessert à la vanille,Crème dessert à la vanille
Mangue,Riz au lait, ,Mangue,Mangue,Mangue,Mangue
Sorbet,Litchi, ,Sorbet,Sorbet,Sorbet,Litchi
Glace,Yaourt aux fruits, ,Glace,Yaourt aux fruits,Yaourt aux fruits,Yaourt aux fruits
Crêpe à la confiture,Sorbet, ,Sorbet,Sorbet,Sorbet,Sorbet
Glace,Mangue, ,Glace,Glace,Glace,Glace
Tarte au chocolat,Riz au lait, ,Riz au lait,Riz au lait,Riz au lait,Riz au lait
Sorbet,Crème dessert à la vanille, ,Crème dessert à la vanille,Sorbet,Sorbet,Sorbet
Crêpe à la confiture,Riz au lait, ,Crêpe à la confiture,Crêpe à la confiture,Crêpe à la confiture,Crêpe à la confiture
Brownie,Compote, ,Brownie,Brownie,Compote,Compote
Tarte au chocolat,Sorbet, ,Tarte au chocolat,Tarte au chocolat,Tarte au chocolat,Tarte au chocolat
Litchi,Crème dessert à la vanille, ,Litchi,Litchi,Crème dessert à la vanille,Litchi
Litchi,Compote, ,Compote,Compote,Compote,Compote
Mangue,Compote, ,Mangue,Mangue,Mangue,Mangue
Brownie,Litchi, ,Brownie,Brownie,Brownie,Brownie
Madeleine,Crème dessert à la vanille, ,Crème dessert à la vanille,Crème dessert à la vanille,Crème dessert à la vanille,Crème dessert à la vanille
Sorbet,Compote, ,Sorbet,Compote,Compote,Compote
Tarte au chocolat,Litchi, ,Litchi,Tarte au chocolat,Tarte au chocolat,Tarte au chocolat
Crêpe à la confiture,Compote, ,Crêpe à la confiture,Compote,Crêpe à la confiture,Compote
Crème dessert à la vanille,Yaourt nature, ,Crème dessert à la vanille,Yaourt nature,Crème dessert à la vanille,Yaourt nature
Tarte au chocolat,Yaourt nature, ,Tarte au chocolat,Yaourt nature,Tarte au chocolat,Tarte au chocolat
Sablé à la noix de coco,Mangue, ,Mangue,Mangue,Mangue,Mangue
Sablé à la noix de coco,Yaourt aux fruits, ,Yaourt aux fruits,Yaourt aux fruits,Yaourt aux fruits,Yaourt aux fruits
Brownie,Yaourt aux fruits, ,Brownie,Brownie,Brownie,Yaourt aux fruits
